https://www.frenchpod101.com/lesson-library/mastering-level-1-french;215
https://www.frenchpod101.com/lesson-library/mastering-level-2;140
https://www.frenchpod101.com/lesson-library/daily-conversations-in-french-beginner;25
https://www.frenchpod101.com/lesson-library/living-in-france;20
https://www.frenchpod101.com/lesson-library/french-grammar-and-vocab-upper-beginner-french;25
https://www.frenchpod101.com/lesson-library/feelings-family-and-more-lower-beginner-french;25
https://www.frenchpod101.com/lesson-library/dating-in-france-lower-beginner-french;25
https://www.frenchpod101.com/lesson-library/idioms-and-proverbs;5
https://www.frenchpod101.com/lesson-library/french-listening-comprehension-for-beginners;20
https://www.frenchpod101.com/lesson-library/french-words-of-the-week-with-lya-for-beginners;25
https://www.frenchpod101.com/lesson-library/top-400-activities-daily-routines-in-french;10
https://www.frenchpod101.com/lesson-library/extensive-reading-in-french-for-beginners;10
https://www.frenchpod101.com/lesson-library/must-know-french-sentence-structures;25
https://www.frenchpod101.com/lesson-library/must-know-french-slang-words-phrases;25
https://www.frenchpod101.com/lesson-library/french-reading-comprehension-for-beginners;7
https://www.frenchpod101.com/lesson-library/quick-easy-french-review-for-beginners;7
https://www.frenchpod101.com/lesson-library/speaking-with-french-speaking-family-members;10
https://www.frenchpod101.com/lesson-library/talking-with-your-french-partner-romance;15
https://www.frenchpod101.com/lesson-library/french-grammar-made-easy;6
https://www.frenchpod101.com/lesson-library/business-french-for-beginners;6